,title,date,link
0,털어봤다! 동네의회- 업무추진비 편,2020.08.06,https://stib.ee/2yN2
1,"깔따구와 폭우, 범인은 누구냐!",2020.07.30,https://stib.ee/jkL2
2,"부동산 이슈, 그것이 궁금했다",2020.07.23,https://stib.ee/PLK2
3,그 죽음을 애도하는 방식,2020.07.16,https://stib.ee/6BJ2
4,마음은 언제나 서울,2020.07.09,https://stib.ee/mSI2
5,치느님을 사랑한 그분,2020.07.02,https://stib.ee/qLH2
6,6월의 끝을 잡고,2020.06.25,https://stib.ee/yAG2
7,민식이법이 놓친 것들은,2020.06.18,https://stib.ee/ktE2
8,분석 막바지... 곧 나옵니다!,2020.06.11,https://stib.ee/WdD2
9,"지금, 분석 중입니다",2020.06.04,https://stib.ee/clC2
10,이번엔 민식이법,2020.05.28,https://stib.ee/q3C2
11,정의기억연대,2020.05.21,https://stib.ee/65B2
